https://simpletire.com/brands/pirelli-tires/scorpion-xtm-at#mpn=4620900&pageSource=PLP&region=r99&tireSize=255-70rr17	Pirelli Scorpion XTM AT	$273.80	255	70R	44	12.00	Blackwall
https://simpletire.com/brands/pirelli-tires/scorpion-xtm-at#mpn=4624000&pageSource=PLP&region=r99&tireSize=lt285-70rr17	Pirelli Scorpion XTM AT	$393.46	LT285	70R	80	14.00	Blackwall
https://simpletire.com/brands/pirelli-tires/scorpion-xtm-at#mpn=4621600&pageSource=PLP&region=r99&tireSize=265-70rr18	Pirelli Scorpion XTM AT	$342.99	265	70R	44	9.00	Blackwall
https://simpletire.com/brands/pirelli-tires/scorpion-xtm-at#mpn=4640900&pageSource=PLP&region=r99&tireSize=275-70rr18	Pirelli Scorpion XTM AT	$424.47	275	70R	44	13.00	Blackwall
https://simpletire.com/brands/pirelli-tires/scorpion-xtm-at#mpn=4621500&pageSource=PLP&region=r99&tireSize=lt265-70rr18	Pirelli Scorpion XTM AT	$338.66	LT265	70R	80	14.00	Blackwall
https://simpletire.com/brands/pirelli-tires/scorpion-xtm-at#mpn=4621900&pageSource=PLP&region=r99&tireSize=lt275-65rr18	Pirelli Scorpion XTM AT	$336.64	LT275	65R	80	14.00	Blackwall
https://simpletire.com/brands/pirelli-tires/scorpion-xtm-at#mpn=4623000&pageSource=PLP&region=r99&tireSize=lt275-70rr18	Pirelli Scorpion XTM AT	$337.12	LT275	70R	80	14.00	Blackwall
https://simpletire.com/brands/pirelli-tires/scorpion-xtm-at#mpn=4623400&pageSource=PLP&region=r99&tireSize=lt295-70rr18	Pirelli Scorpion XTM AT	$389.39	LT295	70R	80	13.00	Blackwall
https://simpletire.com/brands/pirelli-tires/scorpion-xtm-at#mpn=4622800&pageSource=PLP&region=r99&tireSize=275-55rr20	Pirelli Scorpion XTM AT	$326.42	275	55R	50	14.00	Blackwall
https://simpletire.com/brands/pirelli-tires/scorpion-xtm-at#mpn=4623800&pageSource=PLP&region=r99&tireSize=275-60rr20	Pirelli Scorpion XTM AT	$319.54	275	60R	50	14.00	Blackwall
https://simpletire.com/brands/pirelli-tires/scorpion-xtm-at#mpn=4621300&pageSource=PLP&region=r99&tireSize=lt265-60rr20	Pirelli Scorpion XTM AT	$414.00	LT265	60R	80	13.00	Blackwall
https://simpletire.com/brands/pirelli-tires/scorpion-xtm-at#mpn=4622900&pageSource=PLP&region=r99&tireSize=lt275-65rr20	Pirelli Scorpion XTM AT	$389.99	LT275	65R	80	14.00	Blackwall
https://simpletire.com/brands/pirelli-tires/scorpion-xtm-at#mpn=4621400&pageSource=PLP&region=r99&tireSize=lt285-60rr20	Pirelli Scorpion XTM AT	$473.07	LT285	60R	80	14.00	Blackwall
https://simpletire.com/brands/pirelli-tires/scorpion-xtm-at#mpn=4624900&pageSource=PLP&region=r99&tireSize=lt33-12.50rr20	Pirelli Scorpion XTM AT	$486.21	LT33	12.50R	65	14.00	Blackwall
https://simpletire.com/brands/pirelli-tires/scorpion-xtm-at#mpn=4807600&pageSource=PLP&region=r99&tireSize=lt275-50rr22	Pirelli Scorpion XTM AT	$326.99	LT275	50R	80	14.00	Blackwall
https://simpletire.com/brands/dunlop-tires/blue-response-a-s#mpn=10021144&pageSource=PLP&region=r99&tireSize=175-65rr15	Dunlop Blue Response A/S	$122.00	175	65R	51	11.00	Blackwall
https://simpletire.com/brands/dunlop-tires/blue-response-a-s#mpn=10022917&pageSource=PLP&region=r99&tireSize=185-55rr15	Dunlop Blue Response A/S	$137.00	185	55R	51	11.00	Blackwall
https://simpletire.com/brands/dunlop-tires/blue-response-a-s#mpn=10021969&pageSource=PLP&region=r99&tireSize=185-60rr15	Dunlop Blue Response A/S	$131.00	185	60R	51	11.00	Blackwall
https://simpletire.com/brands/dunlop-tires/blue-response-a-s#mpn=10021596&pageSource=PLP&region=r99&tireSize=185-65rr15	Dunlop Blue Response A/S	$133.00	185	65R	51	11.00	Blackwall
https://simpletire.com/brands/dunlop-tires/blue-response-a-s#mpn=10021606&pageSource=PLP&region=r99&tireSize=195-60rr15	Dunlop Blue Response A/S	$133.00	195	60R	51	11.00	Blackwall
https://simpletire.com/brands/dunlop-tires/blue-response-a-s#mpn=10021373&pageSource=PLP&region=r99&tireSize=195-65rr15	Dunlop Blue Response A/S	$127.00	195	65R	51	11.00	Blackwall
https://simpletire.com/brands/dunlop-tires/blue-response-a-s#mpn=10024576&pageSource=PLP&region=r99&tireSize=195-65rr15	Dunlop Blue Response A/S	$127.00	195	65R	51	11.00	Blackwall
https://simpletire.com/brands/dunlop-tires/blue-response-a-s#mpn=10021169&pageSource=PLP&region=r99&tireSize=205-65rr15	Dunlop Blue Response A/S	$131.00	205	65R	51	11.00	Blackwall
https://simpletire.com/brands/dunlop-tires/blue-response-a-s#mpn=10024980&pageSource=PLP&region=r99&tireSize=225-70rr15	Dunlop Blue Response A/S	$148.00	225	70R	51	11.00	Blackwall
https://simpletire.com/brands/dunlop-tires/blue-response-a-s#mpn=10021123&pageSource=PLP&region=r99&tireSize=185-55rr16	Dunlop Blue Response A/S	$132.00	185	55R	50	11.00	Blackwall
https://simpletire.com/brands/dunlop-tires/blue-response-a-s#mpn=10024848&pageSource=PLP&region=r99&tireSize=195-55rr16	Dunlop Blue Response A/S	$169.00	195	55R	51	11.00	Blackwall
https://simpletire.com/brands/dunlop-tires/blue-response-a-s#mpn=10021282&pageSource=PLP&region=r99&tireSize=205-55rr16	Dunlop Blue Response A/S	$159.00	205	55R	51	11.00	Blackwall
https://simpletire.com/brands/dunlop-tires/blue-response-a-s#mpn=10021247&pageSource=PLP&region=r99&tireSize=205-60rr16	Dunlop Blue Response A/S	$155.00	205	60R	51	11.00	Blackwall
https://simpletire.com/brands/dunlop-tires/blue-response-a-s#mpn=10021219&pageSource=PLP&region=r99&tireSize=205-65rr16	Dunlop Blue Response A/S	$160.00	205	65R	51	11.00	Blackwall
https://simpletire.com/brands/dunlop-tires/blue-response-a-s#mpn=10021735&pageSource=PLP&region=r99&tireSize=215-55rr16	Dunlop Blue Response A/S	$153.00	215	55R	50	11.00	Blackwall
https://simpletire.com/brands/dunlop-tires/blue-response-a-s#mpn=10022207&pageSource=PLP&region=r99&tireSize=215-60rr16	Dunlop Blue Response A/S	$154.00	215	60R	51	11.00	Blackwall
https://simpletire.com/brands/dunlop-tires/blue-response-a-s#mpn=10021879&pageSource=PLP&region=r99&tireSize=215-60rr16	Dunlop Blue Response A/S	$154.00	215	60R	51	11.00	Blackwall
https://simpletire.com/brands/dunlop-tires/blue-response-a-s#mpn=10021484&pageSource=PLP&region=r99&tireSize=215-65rr16	Dunlop Blue Response A/S	$155.00	215	65R	51	11.00	Blackwall
https://simpletire.com/brands/dunlop-tires/blue-response-a-s#mpn=10021923&pageSource=PLP&region=r99&tireSize=215-70rr16	Dunlop Blue Response A/S	$182.99	215	70R	51	11.00	Blackwall
https://simpletire.com/brands/dunlop-tires/blue-response-a-s#mpn=10021159&pageSource=PLP&region=r99&tireSize=225-60rr16	Dunlop Blue Response A/S	$156.00	225	60R	51	11.00	Blackwall
https://simpletire.com/brands/dunlop-tires/blue-response-a-s#mpn=10021552&pageSource=PLP&region=r99&tireSize=225-65rr16	Dunlop Blue Response A/S	$164.00	225	65R	51	11.00	Blackwall
https://simpletire.com/brands/dunlop-tires/blue-response-a-s#mpn=10021117&pageSource=PLP&region=r99&tireSize=225-70rr16	Dunlop Blue Response A/S	$170.00	225	70R	51	11.00	Blackwall
https://simpletire.com/brands/dunlop-tires/blue-response-a-s#mpn=10021569&pageSource=PLP&region=r99&tireSize=235-60rr16	Dunlop Blue Response A/S	$163.99	235	60R	50	11.00	Blackwall
https://simpletire.com/brands/dunlop-tires/blue-response-a-s#mpn=10021622&pageSource=PLP&region=r99&tireSize=235-65rr16	Dunlop Blue Response A/S	$158.99	235	65R	51	11.00	Blackwall
https://simpletire.com/brands/dunlop-tires/blue-response-a-s#mpn=10021875&pageSource=PLP&region=r99&tireSize=235-70rr16	Dunlop Blue Response A/S	$197.00	235	70R	50	11.00	Blackwall
https://simpletire.com/brands/dunlop-tires/blue-response-a-s#mpn=10021764&pageSource=PLP&region=r99&tireSize=185-60rr14	Dunlop Blue Response A/S	$105.00	185	60R	51	11.00	Blackwall
https://simpletire.com/brands/dunlop-tires/blue-response-a-s#mpn=10021237&pageSource=PLP&region=r99&tireSize=185-65rr14	Dunlop Blue Response A/S	$100.00	185	65R	51	11.00	Blackwall
https://simpletire.com/brands/dunlop-tires/blue-response-a-s#mpn=10022270&pageSource=PLP&region=r99&tireSize=205-50rr17	Dunlop Blue Response A/S	$185.00	205	50R	50	11.00	Blackwall
https://simpletire.com/brands/dunlop-tires/blue-response-a-s#mpn=10022254&pageSource=PLP&region=r99&tireSize=215-45rr17	Dunlop Blue Response A/S	$170.00	215	45R	51	11.00	Blackwall
https://simpletire.com/brands/dunlop-tires/blue-response-a-s#mpn=10022945&pageSource=PLP&region=r99&tireSize=215-50rr17	Dunlop Blue Response A/S	$174.00	215	50R	50	11.00	Blackwall
https://simpletire.com/brands/dunlop-tires/blue-response-a-s#mpn=10022847&pageSource=PLP&region=r99&tireSize=215-55rr17	Dunlop Blue Response A/S	$179.00	215	55R	51	11.00	Blackwall
https://simpletire.com/brands/dunlop-tires/blue-response-a-s#mpn=10021965&pageSource=PLP&region=r99&tireSize=215-55rr17	Dunlop Blue Response A/S	$179.00	215	55R	51	11.00	Blackwall
https://simpletire.com/brands/dunlop-tires/blue-response-a-s#mpn=10021954&pageSource=PLP&region=r99&tireSize=215-60rr17	Dunlop Blue Response A/S	$179.00	215	60R	50	11.00	Blackwall
https://simpletire.com/brands/dunlop-tires/blue-response-a-s#mpn=10021676&pageSource=PLP&region=r99&tireSize=215-65rr17	Dunlop Blue Response A/S	$167.00	215	65R	51	11.00	Blackwall
https://simpletire.com/brands/dunlop-tires/blue-response-a-s#mpn=10022453&pageSource=PLP&region=r99&tireSize=225-45rr17	Dunlop Blue Response A/S	$180.00	225	45R	50	11.00	Blackwall
https://simpletire.com/brands/dunlop-tires/blue-response-a-s#mpn=10022637&pageSource=PLP&region=r99&tireSize=225-50rr17	Dunlop Blue Response A/S	$201.00	225	50R	50	11.00	Blackwall
https://simpletire.com/brands/dunlop-tires/blue-response-a-s#mpn=10022979&pageSource=PLP&region=r99&tireSize=225-55rr17	Dunlop Blue Response A/S	$182.00	225	55R	51	11.00	Blackwall
https://simpletire.com/brands/dunlop-tires/blue-response-a-s#mpn=10022577&pageSource=PLP&region=r99&tireSize=225-60rr17	Dunlop Blue Response A/S	$191.99	225	60R	51	11.00	Blackwall
https://simpletire.com/brands/dunlop-tires/blue-response-a-s#mpn=10021301&pageSource=PLP&region=r99&tireSize=225-65rr17	Dunlop Blue Response A/S	$174.00	225	65R	51	11.00	Blackwall
https://simpletire.com/brands/dunlop-tires/blue-response-a-s#mpn=10022502&pageSource=PLP&region=r99&tireSize=235-45rr17	Dunlop Blue Response A/S	$185.00	235	45R	50	11.00	Blackwall
https://simpletire.com/brands/dunlop-tires/blue-response-a-s#mpn=10022659&pageSource=PLP&region=r99&tireSize=235-50rr17	Dunlop Blue Response A/S	$200.00	235	50R	51	11.00	Blackwall
https://simpletire.com/brands/dunlop-tires/blue-response-a-s#mpn=10021329&pageSource=PLP&region=r99&tireSize=235-55rr17	Dunlop Blue Response A/S	$193.99	235	55R	50	11.00	Blackwall
https://simpletire.com/brands/dunlop-tires/blue-response-a-s#mpn=10021639&pageSource=PLP&region=r99&tireSize=235-60rr17	Dunlop Blue Response A/S	$214.99	235	60R	50	11.00	Blackwall
https://simpletire.com/brands/dunlop-tires/blue-response-a-s#mpn=10021721&pageSource=PLP&region=r99&tireSize=235-65rr17	Dunlop Blue Response A/S	$200.00	235	65R	50	11.00	Blackwall
https://simpletire.com/brands/dunlop-tires/blue-response-a-s#mpn=10022147&pageSource=PLP&region=r99&tireSize=235-65rr17	Dunlop Blue Response A/S	$200.00	235	65R	50	11.00	Blackwall
https://simpletire.com/brands/dunlop-tires/blue-response-a-s#mpn=10024617&pageSource=PLP&region=r99&tireSize=245-65rr17	Dunlop Blue Response A/S	$222.00	245	65R	50	11.00	Blackwall
https://simpletire.com/brands/dunlop-tires/blue-response-a-s#mpn=10021567&pageSource=PLP&region=r99&tireSize=215-55rr18	Dunlop Blue Response A/S	$198.99	215	55R	50	11.00	Blackwall
https://simpletire.com/brands/dunlop-tires/blue-response-a-s#mpn=10022974&pageSource=PLP&region=r99&tireSize=225-40rr18	Dunlop Blue Response A/S	$201.00	225	40R	50	11.00	Blackwall
https://simpletire.com/brands/dunlop-tires/blue-response-a-s#mpn=10022856&pageSource=PLP&region=r99&tireSize=225-45rr18	Dunlop Blue Response A/S	$194.00	225	45R	50	11.00	Blackwall
https://simpletire.com/brands/dunlop-tires/blue-response-a-s#mpn=10022818&pageSource=PLP&region=r99&tireSize=225-50rr18	Dunlop Blue Response A/S	$206.00	225	50R	51	11.00	Blackwall
https://simpletire.com/brands/dunlop-tires/blue-response-a-s#mpn=10021726&pageSource=PLP&region=r99&tireSize=225-55rr18	Dunlop Blue Response A/S	$205.99	225	55R	50	11.00	Blackwall
https://simpletire.com/brands/dunlop-tires/blue-response-a-s#mpn=10021909&pageSource=PLP&region=r99&tireSize=225-60rr18	Dunlop Blue Response A/S	$187.00	225	60R	50	11.00	Blackwall
https://simpletire.com/brands/dunlop-tires/blue-response-a-s#mpn=10022267&pageSource=PLP&region=r99&tireSize=235-45rr18	Dunlop Blue Response A/S	$215.00	235	45R	50	11.00	Blackwall
https://simpletire.com/brands/dunlop-tires/blue-response-a-s#mpn=10022420&pageSource=PLP&region=r99&tireSize=235-50rr18	Dunlop Blue Response A/S	$209.00	235	50R	50	11.00	Blackwall
https://simpletire.com/brands/dunlop-tires/blue-response-a-s#mpn=10022894&pageSource=PLP&region=r99&tireSize=235-55rr18	Dunlop Blue Response A/S	$214.00	235	55R	50	11.00	Blackwall
https://simpletire.com/brands/dunlop-tires/blue-response-a-s#mpn=10022265&pageSource=PLP&region=r99&tireSize=235-60rr18	Dunlop Blue Response A/S	$202.00	235	60R	50	11.00	Blackwall
https://simpletire.com/brands/dunlop-tires/blue-response-a-s#mpn=10022754&pageSource=PLP&region=r99&tireSize=235-65rr18	Dunlop Blue Response A/S	$197.00	235	65R	51	11.00	Blackwall
https://simpletire.com/brands/dunlop-tires/blue-response-a-s#mpn=10022130&pageSource=PLP&region=r99&tireSize=245-40rr18	Dunlop Blue Response A/S	$200.00	245	40R	50	11.00	Blackwall
https://simpletire.com/brands/dunlop-tires/blue-response-a-s#mpn=10022889&pageSource=PLP&region=r99&tireSize=245-45rr18	Dunlop Blue Response A/S	$244.00	245	45R	50	11.00	Blackwall
https://simpletire.com/brands/dunlop-tires/blue-response-a-s#mpn=10022931&pageSource=PLP&region=r99&tireSize=245-50rr18	Dunlop Blue Response A/S	$232.00	245	50R	50	11.00	Blackwall
https://simpletire.com/brands/dunlop-tires/blue-response-a-s#mpn=10022997&pageSource=PLP&region=r99&tireSize=245-60rr18	Dunlop Blue Response A/S	$211.99	245	60R	50	11.00	Blackwall
https://simpletire.com/brands/dunlop-tires/blue-response-a-s#mpn=10022899&pageSource=PLP&region=r99&tireSize=255-55rr18	Dunlop Blue Response A/S	$262.99	255	55R	50	11.00	Blackwall
https://simpletire.com/brands/dunlop-tires/blue-response-a-s#mpn=10021207&pageSource=PLP&region=r99&tireSize=255-65rr18	Dunlop Blue Response A/S	$256.00	255	65R	51	11.00	Blackwall
https://simpletire.com/brands/dunlop-tires/blue-response-a-s#mpn=10022280&pageSource=PLP&region=r99&tireSize=225-55rr19	Dunlop Blue Response A/S	$223.00	225	55R	50	11.00	Blackwall
https://simpletire.com/brands/dunlop-tires/blue-response-a-s#mpn=10022597&pageSource=PLP&region=r99&tireSize=235-40rr19	Dunlop Blue Response A/S	$223.00	235	40R	50	11.00	Blackwall
https://simpletire.com/brands/dunlop-tires/blue-response-a-s#mpn=10022327&pageSource=PLP&region=r99&tireSize=235-45rr19	Dunlop Blue Response A/S	$246.00	235	45R	50	11.00	Blackwall
https://simpletire.com/brands/dunlop-tires/blue-response-a-s#mpn=10022853&pageSource=PLP&region=r99&tireSize=235-50rr19	Dunlop Blue Response A/S	$244.00	235	50R	50	11.00	Blackwall
https://simpletire.com/brands/dunlop-tires/blue-response-a-s#mpn=10022870&pageSource=PLP&region=r99&tireSize=235-55rr19	Dunlop Blue Response A/S	$234.99	235	55R	50	11.00	Blackwall
https://simpletire.com/brands/dunlop-tires/blue-response-a-s#mpn=10022158&pageSource=PLP&region=r99&tireSize=245-40rr19	Dunlop Blue Response A/S	$244.00	245	40R	50	11.00	Blackwall
https://simpletire.com/brands/dunlop-tires/blue-response-a-s#mpn=10022209&pageSource=PLP&region=r99&tireSize=245-45rr19	Dunlop Blue Response A/S	$258.99	245	45R	50	11.00	Blackwall
https://simpletire.com/brands/dunlop-tires/blue-response-a-s#mpn=10022565&pageSource=PLP&region=r99&tireSize=245-55rr19	Dunlop Blue Response A/S	$252.00	245	55R	50	11.00	Blackwall
https://simpletire.com/brands/dunlop-tires/blue-response-a-s#mpn=10022379&pageSource=PLP&region=r99&tireSize=255-50rr19	Dunlop Blue Response A/S	$274.00	255	50R	50	11.00	Blackwall
https://simpletire.com/brands/dunlop-tires/blue-response-a-s#mpn=10021274&pageSource=PLP&region=r99&tireSize=255-60rr19	Dunlop Blue Response A/S	$239.00	255	60R	51	11.00	Blackwall
https://simpletire.com/brands/dunlop-tires/blue-response-a-s#mpn=10022461&pageSource=PLP&region=r99&tireSize=235-50rr20	Dunlop Blue Response A/S	$305.00	235	50R	50	11.00	Blackwall
https://simpletire.com/brands/dunlop-tires/blue-response-a-s#mpn=10022513&pageSource=PLP&region=r99&tireSize=235-55rr20	Dunlop Blue Response A/S	$232.00	235	55R	50	11.00	Blackwall
https://simpletire.com/brands/dunlop-tires/blue-response-a-s#mpn=10022756&pageSource=PLP&region=r99&tireSize=245-45rr20	Dunlop Blue Response A/S	$253.00	245	45R	51	11.00	Blackwall
https://simpletire.com/brands/dunlop-tires/blue-response-a-s#mpn=10022288&pageSource=PLP&region=r99&tireSize=245-50rr20	Dunlop Blue Response A/S	$254.00	245	50R	50	11.00	Blackwall
https://simpletire.com/brands/dunlop-tires/blue-response-a-s#mpn=10022507&pageSource=PLP&region=r99&tireSize=255-50rr20	Dunlop Blue Response A/S	$287.99	255	50R	50	11.00	Blackwall
https://simpletire.com/brands/dunlop-tires/blue-response-a-s#mpn=10022750&pageSource=PLP&region=r99&tireSize=255-55rr20	Dunlop Blue Response A/S	$259.00	255	55R	50	11.00	Blackwall
https://simpletire.com/brands/dunlop-tires/blue-response-a-s#mpn=10022278&pageSource=PLP&region=r99&tireSize=265-50rr20	Dunlop Blue Response A/S	$273.00	265	50R	50	11.00	Blackwall
https://simpletire.com/brands/goodyear-tires/wrangler-steadfast-ht#mpn=269561969&pageSource=PLP&region=r99&tireSize=225-65rr17	Goodyear Wrangler Steadfast HT	$203.96	225	65R	51	12.00	Blackwall
https://simpletire.com/brands/goodyear-tires/wrangler-steadfast-ht#mpn=269016969&pageSource=PLP&region=r99&tireSize=245-70rr17	Goodyear Wrangler Steadfast HT	$268.99	245	70R	51	12.00	Blackwall
https://simpletire.com/brands/goodyear-tires/wrangler-steadfast-ht#mpn=269027969&pageSource=PLP&region=r99&tireSize=255-65rr17	Goodyear Wrangler Steadfast HT	$250.99	255	65R	51	12.00	Blackwall
https://simpletire.com/brands/goodyear-tires/wrangler-steadfast-ht#mpn=269022969&pageSource=PLP&region=r99&tireSize=265-65rr17	Goodyear Wrangler Steadfast HT	$278.99	265	65R	51	12.00	Blackwall
https://simpletire.com/brands/goodyear-tires/wrangler-steadfast-ht#mpn=269005969&pageSource=PLP&region=r99&tireSize=265-70rr17	Goodyear Wrangler Steadfast HT	$260.99	265	70R	51	12.00	Blackwall
https://simpletire.com/brands/goodyear-tires/wrangler-steadfast-ht#mpn=269030969&pageSource=PLP&region=r99&tireSize=235-50rr19	Goodyear Wrangler Steadfast HT	$260.99	235	50R	51	12.00	Blackwall
https://simpletire.com/brands/goodyear-tires/wrangler-steadfast-ht#mpn=269010969&pageSource=PLP&region=r99&tireSize=245-55rr19	Goodyear Wrangler Steadfast HT	$260.99	245	55R	51	12.00	Blackwall
https://simpletire.com/brands/goodyear-tires/wrangler-steadfast-ht#mpn=269024969&pageSource=PLP&region=r99&tireSize=235-55rr20	Goodyear Wrangler Steadfast HT	$262.99	235	55R	51	12.00	Blackwall
https://simpletire.com/brands/goodyear-tires/wrangler-steadfast-ht#mpn=269031969&pageSource=PLP&region=r99&tireSize=245-60rr20	Goodyear Wrangler Steadfast HT	$272.99	245	60R	51	12.00	Blackwall
https://simpletire.com/brands/goodyear-tires/wrangler-steadfast-ht#mpn=269015969&pageSource=PLP&region=r99&tireSize=255-50rr20	Goodyear Wrangler Steadfast HT	$269.99	255	50R	50	12.00	Blackwall
https://simpletire.com/brands/goodyear-tires/wrangler-steadfast-ht#mpn=269025969&pageSource=PLP&region=r99&tireSize=255-55rr20	Goodyear Wrangler Steadfast HT	$281.96	255	55R	51	12.00	Blackwall
https://simpletire.com/brands/goodyear-tires/wrangler-steadfast-ht#mpn=269039969&pageSource=PLP&region=r99&tireSize=255-55rr20	Goodyear Wrangler Steadfast HT	$281.96	255	55R	51	12.00	Blackwall
https://simpletire.com/brands/goodyear-tires/wrangler-steadfast-ht#mpn=269033969&pageSource=PLP&region=r99&tireSize=265-45rr20	Goodyear Wrangler Steadfast HT	$325.99	265	45R	50	12.00	Blackwall
https://simpletire.com/brands/goodyear-tires/wrangler-steadfast-ht#mpn=269011969&pageSource=PLP&region=r99&tireSize=265-50rr20	Goodyear Wrangler Steadfast HT	$300.99	265	50R	51	12.00	Blackwall
https://simpletire.com/brands/goodyear-tires/wrangler-steadfast-ht#mpn=269034969&pageSource=PLP&region=r99&tireSize=265-60rr20	Goodyear Wrangler Steadfast HT	$325.99	265	60R	51	12.00	Blackwall
https://simpletire.com/brands/goodyear-tires/wrangler-steadfast-ht#mpn=269041969&pageSource=PLP&region=r99&tireSize=275-45rr20	Goodyear Wrangler Steadfast HT	$335.99	275	45R	50	11.00	Blackwall
https://simpletire.com/brands/goodyear-tires/wrangler-steadfast-ht#mpn=269001969&pageSource=PLP&region=r99&tireSize=275-55rr20	Goodyear Wrangler Steadfast HT	$275.99	275	55R	51	12.00	Blackwall
https://simpletire.com/brands/goodyear-tires/wrangler-steadfast-ht#mpn=269019969&pageSource=PLP&region=r99&tireSize=275-60rr20	Goodyear Wrangler Steadfast HT	$299.99	275	60R	51	12.00	Blackwall
https://simpletire.com/brands/goodyear-tires/wrangler-steadfast-ht#mpn=723351001&pageSource=PLP&region=r99&tireSize=lt285-65rr20	Goodyear Wrangler Steadfast HT	$519.99	LT285	65R	65	11.00	Blackwall
https://simpletire.com/brands/goodyear-tires/wrangler-steadfast-ht#mpn=269018969&pageSource=PLP&region=r99&tireSize=235-60rr18	Goodyear Wrangler Steadfast HT	$244.99	235	60R	50	12.00	Blackwall
https://simpletire.com/brands/goodyear-tires/wrangler-steadfast-ht#mpn=269012969&pageSource=PLP&region=r99&tireSize=235-65rr18	Goodyear Wrangler Steadfast HT	$220.99	235	65R	51	12.00	Blackwall
https://simpletire.com/brands/goodyear-tires/wrangler-steadfast-ht#mpn=269023969&pageSource=PLP&region=r99&tireSize=245-60rr18	Goodyear Wrangler Steadfast HT	$242.99	245	60R	51	12.00	Blackwall
https://simpletire.com/brands/goodyear-tires/wrangler-steadfast-ht#mpn=269042969&pageSource=PLP&region=r99&tireSize=255-60rr18	Goodyear Wrangler Steadfast HT	$260.99	255	60R	50	11.00	Blackwall
https://simpletire.com/brands/goodyear-tires/wrangler-steadfast-ht#mpn=269037969&pageSource=PLP&region=r99&tireSize=255-70rr18	Goodyear Wrangler Steadfast HT	$261.99	255	70R	51	12.00	Blackwall
https://simpletire.com/brands/goodyear-tires/wrangler-steadfast-ht#mpn=269007969&pageSource=PLP&region=r99&tireSize=265-60rr18	Goodyear Wrangler Steadfast HT	$267.99	265	60R	51	12.00	Blackwall
https://simpletire.com/brands/goodyear-tires/wrangler-steadfast-ht#mpn=269009969&pageSource=PLP&region=r99&tireSize=265-65rr18	Goodyear Wrangler Steadfast HT	$268.99	265	65R	51	12.00	Blackwall
https://simpletire.com/brands/goodyear-tires/wrangler-steadfast-ht#mpn=269035969&pageSource=PLP&region=r99&tireSize=265-70rr18	Goodyear Wrangler Steadfast HT	$257.99	265	70R	51	12.00	Blackwall
https://simpletire.com/brands/goodyear-tires/wrangler-steadfast-ht#mpn=269006969&pageSource=PLP&region=r99&tireSize=275-65rr18	Goodyear Wrangler Steadfast HT	$295.99	275	65R	51	12.00	Blackwall
https://simpletire.com/brands/goodyear-tires/wrangler-steadfast-ht#mpn=269038969&pageSource=PLP&region=r99&tireSize=265-45rr21	Goodyear Wrangler Steadfast HT	$395.99	265	45R	50	11.00	Blackwall
https://simpletire.com/brands/goodyear-tires/wrangler-steadfast-ht#mpn=269017969&pageSource=PLP&region=r99&tireSize=265-70rr16	Goodyear Wrangler Steadfast HT	$268.99	265	70R	51	12.00	Blackwall
https://simpletire.com/brands/goodyear-tires/wrangler-steadfast-ht#mpn=269026969&pageSource=PLP&region=r99&tireSize=275-50rr22	Goodyear Wrangler Steadfast HT	$330.99	275	50R	50	12.00	Blackwall
https://simpletire.com/brands/goodyear-tires/wrangler-steadfast-ht#mpn=269013969&pageSource=PLP&region=r99&tireSize=285-45rr22	Goodyear Wrangler Steadfast HT	$330.99	285	45R	50	12.00	Blackwall
https://simpletire.com/brands/goodyear-tires/eagle-f1-all-season#mpn=793218704&pageSource=PLP&region=r99&tireSize=205-45zrr17	Goodyear Eagle F1 All Season	$176.99	205	45ZR	50	10.00	Blackwall
https://simpletire.com/brands/goodyear-tires/eagle-f1-all-season#mpn=793360704&pageSource=PLP&region=r99&tireSize=215-45zrr17	Goodyear Eagle F1 All Season	$177.99	215	45ZR	50	10.00	Blackwall
https://simpletire.com/brands/goodyear-tires/eagle-f1-all-season#mpn=793227704&pageSource=PLP&region=r99&tireSize=225-45zrr17	Goodyear Eagle F1 All Season	$179.99	225	45ZR	50	10.00	Blackwall
https://simpletire.com/brands/goodyear-tires/eagle-f1-all-season#mpn=793229704&pageSource=PLP&region=r99&tireSize=235-45zrr17	Goodyear Eagle F1 All Season	$198.99	235	45ZR	50	10.00	Blackwall
https://simpletire.com/brands/goodyear-tires/eagle-f1-all-season#mpn=793234704&pageSource=PLP&region=r99&tireSize=245-45zrr17	Goodyear Eagle F1 All Season	$221.99	245	45ZR	50	10.00	Blackwall
https://simpletire.com/brands/goodyear-tires/eagle-f1-all-season#mpn=793219704&pageSource=PLP&region=r99&tireSize=215-45zrr18	Goodyear Eagle F1 All Season	$193.99	215	45ZR	50	10.00	Blackwall
https://simpletire.com/brands/goodyear-tires/eagle-f1-all-season#mpn=793411704&pageSource=PLP&region=r99&tireSize=225-40zrr18	Goodyear Eagle F1 All Season	$169.99	225	40ZR	50	10.00	Blackwall
https://simpletire.com/brands/goodyear-tires/eagle-f1-all-season#mpn=793627704&pageSource=PLP&region=r99&tireSize=225-45zrr18	Goodyear Eagle F1 All Season	$199.99	225	45ZR	50	10.00	Blackwall
https://simpletire.com/brands/goodyear-tires/eagle-f1-all-season#mpn=793267270&pageSource=PLP&region=r99&tireSize=225-50zrr18	Goodyear Eagle F1 All Season	$190.99	225	50ZR	50	10.00	Blackwall
https://simpletire.com/brands/goodyear-tires/eagle-f1-all-season#mpn=793619704&pageSource=PLP&region=r99&tireSize=235-40zrr18	Goodyear Eagle F1 All Season	$199.99	235	40ZR	50	10.00	Blackwall
https://simpletire.com/brands/goodyear-tires/eagle-f1-all-season#mpn=793232704&pageSource=PLP&region=r99&tireSize=235-45zrr18	Goodyear Eagle F1 All Season	$209.99	235	45ZR	50	10.00	Blackwall
https://simpletire.com/brands/goodyear-tires/eagle-f1-all-season#mpn=793303704&pageSource=PLP&region=r99&tireSize=235-50zrr18	Goodyear Eagle F1 All Season	$211.99	235	50ZR	50	10.00	Blackwall
https://simpletire.com/brands/goodyear-tires/eagle-f1-all-season#mpn=793602704&pageSource=PLP&region=r99&tireSize=245-40zrr18	Goodyear Eagle F1 All Season	$199.99	245	40ZR	50	10.00	Blackwall
https://simpletire.com/brands/goodyear-tires/eagle-f1-all-season#mpn=793580704&pageSource=PLP&region=r99&tireSize=245-45zrr18	Goodyear Eagle F1 All Season	$199.99	245	45ZR	50	10.00	Blackwall
https://simpletire.com/brands/goodyear-tires/eagle-f1-all-season#mpn=793335270&pageSource=PLP&region=r99&tireSize=245-50zrr18	Goodyear Eagle F1 All Season	$239.99	245	50ZR	50	10.00	Blackwall
https://simpletire.com/brands/goodyear-tires/eagle-f1-all-season#mpn=793269270&pageSource=PLP&region=r99&tireSize=255-35zrr18	Goodyear Eagle F1 All Season	$234.99	255	35ZR	50	10.00	Blackwall
https://simpletire.com/brands/goodyear-tires/eagle-f1-all-season#mpn=793628704&pageSource=PLP&region=r99&tireSize=255-40zrr18	Goodyear Eagle F1 All Season	$224.99	255	40ZR	50	10.00	Blackwall
https://simpletire.com/brands/goodyear-tires/eagle-f1-all-season#mpn=793342270&pageSource=PLP&region=r99&tireSize=275-35zrr18	Goodyear Eagle F1 All Season	$284.99	275	35ZR	50	10.00	Blackwall
https://simpletire.com/brands/goodyear-tires/eagle-f1-all-season#mpn=793352270&pageSource=PLP&region=r99&tireSize=275-40zrr18	Goodyear Eagle F1 All Season	$287.99	275	40ZR	50	10.00	Blackwall
https://simpletire.com/brands/goodyear-tires/eagle-f1-all-season#mpn=793220704&pageSource=PLP&region=r99&tireSize=225-40zrr19	Goodyear Eagle F1 All Season	$232.99	225	40ZR	50	10.00	Blackwall
https://simpletire.com/brands/goodyear-tires/eagle-f1-all-season#mpn=793230704&pageSource=PLP&region=r99&tireSize=225-45zrr19	Goodyear Eagle F1 All Season	$221.99	225	45ZR	50	10.00	Blackwall
https://simpletire.com/brands/goodyear-tires/eagle-f1-all-season#mpn=793727704&pageSource=PLP&region=r99&tireSize=235-35zrr19	Goodyear Eagle F1 All Season	$252.99	235	35ZR	50	10.00	Blackwall
https://simpletire.com/brands/goodyear-tires/eagle-f1-all-season#mpn=793231704&pageSource=PLP&region=r99&tireSize=235-40zrr19	Goodyear Eagle F1 All Season	$241.99	235	40ZR	50	10.00	Blackwall
